{"cameraMode":{"drawMode":0,"name":"Shaded","section":"Shading Mode"},"sceneLighting":false,"audioPlay":false,"sceneViewState":{"showFog":true,"showMaterialUpdate":false,"showSkybox":false,"showFlares":true,"showImageEffects":true,"showParticleSystems":true},"in2DMode":false,"pivot":{"x":-0.019056260585784913,"y":-0.7925764918327332,"z":-0.004120688885450363},"rotation":{"x":0.04370137304067612,"y":0.9252349734306336,"z":-0.11240743100643158,"w":0.35971248149871828},"size":2.3736534118652345,"orthographic":true}