{"cameraMode":{"drawMode":0,"name":"Shaded","section":"Shading Mode"},"sceneLighting":false,"audioPlay":false,"sceneViewState":{"showFog":true,"showMaterialUpdate":true,"showSkybox":false,"showFlares":true,"showImageEffects":true,"showParticleSystems":true},"in2DMode":false,"pivot":{"x":12.132719039916993,"y":19.683778762817384,"z":5.797571182250977},"rotation":{"x":0.08426840603351593,"y":-0.8491776585578919,"z":0.1427093744277954,"w":0.5014321208000183},"size":14.63611125946045,"orthographic":false}