{"cameraMode":{"drawMode":0,"name":"Shaded","section":"Shading Mode"},"sceneLighting":false,"audioPlay":false,"sceneViewState":{"showFog":false,"showMaterialUpdate":false,"showSkybox":false,"showFlares":false,"showImageEffects":false,"showParticleSystems":true},"in2DMode":false,"pivot":{"x":-17.01448631286621,"y":3.88671875,"z":0.2900780439376831},"rotation":{"x":0.025701483711600305,"y":0.9742612838745117,"z":-0.15412785112857819,"w":0.16252592206001283},"size":8.009808540344239,"orthographic":true}