{"cameraMode":{"drawMode":0,"name":"Shaded","section":"Shading Mode"},"sceneLighting":false,"audioPlay":false,"sceneViewState":{"showFog":true,"showMaterialUpdate":false,"showSkybox":false,"showFlares":true,"showImageEffects":true,"showParticleSystems":true},"in2DMode":false,"pivot":{"x":0.8310546875,"y":-0.773681640625,"z":-0.172119140625},"rotation":{"x":0.06961296498775482,"y":0.8467483520507813,"z":-0.11449166387319565,"w":0.5148407220840454},"size":3.495587110519409,"orthographic":true}