{"cameraMode":{"drawMode":0,"name":"Shaded","section":"Shading Mode"},"sceneLighting":false,"audioPlay":false,"sceneViewState":{"showFog":false,"showMaterialUpdate":false,"showSkybox":false,"showFlares":false,"showImageEffects":false,"showParticleSystems":true},"in2DMode":false,"pivot":{"x":6.809999465942383,"y":0.5299999713897705,"z":-0.640625},"rotation":{"x":0.13328534364700318,"y":-0.755368173122406,"z":0.1621864289045334,"w":0.6207680702209473},"size":13.206284523010254,"orthographic":true}