{"cameraMode":{"drawMode":0,"name":"Shaded","section":"Shading Mode"},"sceneLighting":false,"audioPlay":false,"sceneViewState":{"showFog":true,"showMaterialUpdate":false,"showSkybox":false,"showFlares":true,"showImageEffects":true,"showParticleSystems":true},"in2DMode":false,"pivot":{"x":-6.63385534286499,"y":10.720606803894043,"z":7.384224891662598},"rotation":{"x":-0.006874761078506708,"y":0.9694338440895081,"z":-0.2437298595905304,"w":-0.02734440378844738},"size":40.441551208496097,"orthographic":false}