{"cameraMode":{"drawMode":0,"name":"Shaded","section":"Shading Mode"},"sceneLighting":false,"audioPlay":false,"sceneViewState":{"showFog":true,"showMaterialUpdate":true,"showSkybox":false,"showFlares":true,"showImageEffects":true,"showParticleSystems":true},"in2DMode":false,"pivot":{"x":1.1963081359863282,"y":1.3695956468582154,"z":-2.7533154487609865},"rotation":{"x":0.1226426288485527,"y":-0.027683425694704057,"z":0.003422269830480218,"w":0.9920610785484314},"size":4.117877006530762,"orthographic":false}