{"cameraMode":{"drawMode":0,"name":"Shaded","section":"Shading Mode"},"sceneLighting":false,"audioPlay":false,"sceneViewState":{"showFog":true,"showMaterialUpdate":true,"showSkybox":false,"showFlares":true,"showImageEffects":true,"showParticleSystems":true},"in2DMode":false,"pivot":{"x":6.809999465942383,"y":0.5299999713897705,"z":-0.640625},"rotation":{"x":0.6207691431045532,"y":-0.016460338607430459,"z":0.01303804386407137,"w":0.7837119698524475},"size":2.1213204860687258,"orthographic":true}